id,member_id,category_id,display_number,name,perform_date_type,start_perform_date,end_perform_date,perform_date,depth1_id,depth1_name,depth2_id,depth2_name,depth3_id,depth3_name,info_type,seat_number_type,seat_number,area,floor,grade,addinfo,sale_quantity,is_together,price,total_price,seat_remark,product_remark,seat_remark_str,product_remark_str,transaction_type,product_status,is_use_safe,is_have_ticket,ticket_receive_date,is_adult,list_price,is_list_price,is_use_pin,is_use_delivery,is_use_field,is_use_immediately,is_use_etc,description,sale_coupon_id,created_at,ip_addr,deal_detail_loc,deal_prefer_loc,bold_coupon_ids,is_agree_global,is_exist_compare
7672643,175331,5871,9413603101252,35구역(존/블럭) 9ROW 사진참고,FIXED,2025-07-26T18:00:00,2025-07-26T18:00:00,2025-07-26T18:00,3,콘서트,1916,데이식스 (DAY6),5871,데이식스 2025 - 서울,CONCERT_B,ROW,9,35,3층 (3F),지정석,사진참고,1,NO,290000.0,290000.0,,,,,,SALE,NO,YES,,,110000.0,NO,NO,NO,YES,NO,NO,"당일 4시 이후로 표 전달해드립니다. 본확 없어서 신분증 X 
양우산 X",10203213.0,2025-07-25T16:19:59,117.111.17.44,,,,NO,NO
7673609,2584731,5871,2912645261450,34구역(존/블럭) 6ROW 1n번,FIXED,2025-07-26T18:00:00,2025-07-26T18:00:00,2025-07-26T18:00,3,콘서트,1916,데이식스 (DAY6),5871,데이식스 2025 - 서울,CONCERT_B,ROW,6,34,3층 (3F),지정석,1n번,1,NO,300000.0,300000.0,,,,,,SALE,NO,YES,,,110000.0,NO,NO,NO,YES,NO,NO,"당일 현장에서 티켓 드립니다
본확x
",,2025-07-25T17:56:12,106.101.197.253,,,,NO,NO
7671939,1756044,5871,9219680093621,28구역(존/블럭) 9ROW 본확x 티켓양도,FIXED,2025-07-26T18:00:00,2025-07-26T18:00:00,2025-07-26T18:00,3,콘서트,1916,데이식스 (DAY6),5871,데이식스 2025 - 서울,CONCERT_B,ROW,9,28,3층 (3F),지정석,본확x 티켓양도,1,NO,300000.0,300000.0,,,,,,SALE,NO,YES,,,110000.0,NO,NO,NO,YES,NO,NO,"본확생겨서 입장 못할시 환불o 본확 없어졌다네요
당일 공연장 현장 전달 가능",10171272.0,2025-07-25T15:25:16,223.38.54.144,,,,NO,NO
7637705,1770700,5871,4012379285781,33구역(존/블럭) 13ROW 신분증대여,FIXED,2025-07-26T18:00:00,2025-07-26T18:00:00,2025-07-26T18:00,3,콘서트,1916,데이식스 (DAY6),5871,데이식스 2025 - 서울,CONCERT_B,ROW,13,33,3층 (3F),지정석,신분증대여,1,NO,300000.0,300000.0,,,,,,SALE,NO,YES,,,110000.0,NO,NO,NO,YES,NO,NO,"신분증검사 없다고합니다
현장에서 신분증검사시 대여해드릴게요

신분증 맞교환으로 판매합니다
9n년 여성 명의입니다
현장에서 드려요",,2025-07-21T22:49:40,118.32.18.205,,,,NO,NO
7673801,2661364,5871,9667400152674,34구역(존/블럭) 9ROW ,FIXED,2025-07-27T17:00:00,2025-07-27T17:00:00,2025-07-27T17:00,3,콘서트,1916,데이식스 (DAY6),5871,데이식스 2025 - 서울,CONCERT_B,ROW,9,34,3층 (3F),지정석,,1,NO,320000.0,320000.0,,,,,,SALE,NO,YES,,,110000.0,NO,NO,NO,YES,NO,NO,당일날 현장에서 티켓 전달해드립니다!  신분증x,,2025-07-25T18:20:33,223.38.85.91,,,,NO,NO
7673495,850288,5871,3591780315415,33구역(존/블럭) 9ROW ,FIXED,2025-07-27T17:00:00,2025-07-27T17:00:00,2025-07-27T17:00,3,콘서트,1916,데이식스 (DAY6),5871,데이식스 2025 - 서울,CONCERT_B,ROW,9,33,3층 (3F),지정석,,1,NO,320000.0,320000.0,,,,,,SALE,NO,YES,,,110000.0,NO,NO,NO,YES,NO,NO,"현장에서 티켓 드립니다
신분증x",,2025-07-25T17:39:54,1.240.104.43,,,,NO,NO
7672371,16050,5871,6904103348871,28구역(존/블럭) 8열 ,FIXED,2025-07-27T17:00:00,2025-07-27T17:00:00,2025-07-27T17:00,3,콘서트,1916,데이식스 (DAY6),5871,데이식스 2025 - 서울,CONCERT_B,ROW,8,28,3층 (3F),지정석,,1,NO,330000.0,330000.0,,,,26,,SALE,NO,YES,,,110000.0,NO,YES,NO,NO,NO,NO,"티켓 전달 : 계정이동 

글로벌 계정으로만 이동 가능합니다 
외국인이나 여권 있는 내국인만 구매해주세요 
실패 시 거래 취소되어 전액 환불해드립니다 ",,2025-07-25T15:55:35,121.174.108.120,,,,NO,NO
7661221,1833760,5871,7175390431513,30구역(존/블럭) 8ROW 입장도움,FIXED,2025-07-26T18:00:00,2025-07-26T18:00:00,2025-07-26T18:00,3,콘서트,1916,데이식스 (DAY6),5871,데이식스 2025 - 서울,CONCERT_B,ROW,8,30,3층 (3F),지정석,입장도움,1,NO,330000.0,330000.0,,,,,,SALE,NO,YES,,,110000.0,NO,NO,NO,NO,NO,YES,"본인확인 없는 표입니다.
현장에서 표 드려요!
입장 실패시 환불해드려요!

Global OK  ",10197494.0,2025-07-24T15:22:43,118.235.83.216,,,,NO,NO
7466656,1307574,5871,7277899504185,35구역(존/블럭) 10ROW 34구역쪽,FIXED,2025-07-27T17:00:00,2025-07-27T17:00:00,2025-07-27T17:00,3,콘서트,1916,데이식스 (DAY6),5871,데이식스 2025 - 서울,CONCERT_B,ROW,10,35,3층 (3F),지정석,34구역쪽,1,NO,330000.0,330000.0,,,,,,SALE,NO,YES,,,110000.0,NO,NO,NO,YES,NO,NO,"현장에서 티켓 및 신분증 입장도움드립니다.
외국인X",,2025-06-27T08:48:42,222.237.27.105,,,,NO,NO
7625310,2930494,5871,9426821711426,33구역(존/블럭) 2ROW 신분증O,FIXED,2025-07-26T18:00:00,2025-07-26T18:00:00,2025-07-26T18:00,3,콘서트,1916,데이식스 (DAY6),5871,데이식스 2025 - 서울,CONCERT_B,ROW,2,33,3층 (3F),지정석,신분증O,1,NO,340000.0,340000.0,,,86,,,SALE,NO,YES,,,110000.0,NO,NO,NO,YES,NO,NO,"현장 대기하면서 도움드릴 예정입니다.
9n년생(4<n<9) 신분증 맞교환하고, 끝나면 바로 교환합니다.",,2025-07-19T23:44:03,58.29.142.216,,,,NO,NO
7673053,2048171,5871,1629298548172,29구역(존/블럭) 12ROW ,FIXED,2025-07-27T17:00:00,2025-07-27T17:00:00,2025-07-27T17:00,3,콘서트,1916,데이식스 (DAY6),5871,데이식스 2025 - 서울,CONCERT_B,ROW,12,29,3층 (3F),지정석,,1,NO,350000.0,350000.0,,,86,,,SALE,NO,YES,,,110000.0,NO,NO,NO,YES,NO,NO,본확X 현장에서 티켓 전달해드려요,,2025-07-25T16:54:49,118.235.11.133,,,,NO,NO
7672889,1756082,5871,3636439798830,35구역(존/블럭) 11ROW 여성명의,FIXED,2025-07-26T18:00:00,2025-07-26T18:00:00,2025-07-26T18:00,3,콘서트,1916,데이식스 (DAY6),5871,데이식스 2025 - 서울,CONCERT_B,ROW,11,35,3층 (3F),지정석,여성명의,1,NO,350000.0,350000.0,,,,,,SALE,NO,YES,,,110000.0,NO,NO,NO,YES,NO,NO,"내일 현장에서 티켓 전달해드립니다.
본인확인 없어져서 티켓만 있으면 입장 가능합니다.
구매 후 Q&A로 연락부탁드립니다🙂",10177253.0,2025-07-25T16:39:22,101.235.48.77,,,,NO,NO
7672839,2620253,5871,5076215821058,29구역(존/블럭) 8열 ,FIXED,2025-07-27T17:00:00,2025-07-27T17:00:00,2025-07-27T17:00,3,콘서트,1916,데이식스 (DAY6),5871,데이식스 2025 - 서울,CONCERT_B,ROW,8,29,3층 (3F),지정석,,1,NO,350000.0,350000.0,,,,,,SALE,NO,YES,,,110000.0,NO,NO,NO,YES,NO,NO,"현장에서 티켓 전달합니다
(본인확인x)",,2025-07-25T16:35:16,211.235.81.144,,,,NO,NO
7672728,3102760,5871,7115113044686,32구역(존/블럭) 11ROW ,FIXED,2025-07-27T17:00:00,2025-07-27T17:00:00,2025-07-27T17:00,3,콘서트,1916,데이식스 (DAY6),5871,데이식스 2025 - 서울,CONCERT_B,ROW,11,32,3층 (3F),지정석,,1,NO,350000.0,350000.0,,,,,,SALE,NO,YES,,,110000.0,NO,NO,NO,YES,NO,NO,"공연 당일 현장에서 전달해드립니다
구매 하신 후 큐엔에이로 연락주시면
확인하고 답변 드립니다.
문자 전화xxx",,2025-07-25T16:26:29,220.123.180.70,,,,NO,NO
7672383,16050,5871,6546070125503,30구역(존/블럭) 11열 ,FIXED,2025-07-27T17:00:00,2025-07-27T17:00:00,2025-07-27T17:00,3,콘서트,1916,데이식스 (DAY6),5871,데이식스 2025 - 서울,CONCERT_B,ROW,11,30,3층 (3F),지정석,,1,NO,350000.0,350000.0,,,,26,,SALE,NO,YES,,,110000.0,NO,YES,NO,NO,NO,NO,"티켓 전달 : 계정이동 

글로벌 계정으로만 이동 가능합니다 
외국인이나 여권 있는 내국인만 구매해주세요 
실패 시 거래 취소되어 전액 환불해드립니다 ",,2025-07-25T15:56:16,121.174.108.120,,,,NO,NO
7618358,16050,5871,1220776547241,31구역(존/블럭) 13열 계정이동,FIXED,2025-07-27T17:00:00,2025-07-27T17:00:00,2025-07-27T17:00,3,콘서트,1916,데이식스 (DAY6),5871,데이식스 2025 - 서울,CONCERT_B,ROW,13,31,3층 (3F),지정석,계정이동,1,NO,350000.0,350000.0,,,,26,,SALE,NO,YES,,,110000.0,NO,YES,NO,NO,NO,NO,"티켓 전달 : 계정이동 

본인 확인 후 티켓 수령할 수 있습니다 
구매자님 명의의 계정으로 티켓 이동해드립니다 
글로벌 계정으로만 이동 가능합니다 
외국인이나 여권 있는 내국인만 구매해주세요 
실패 시 거래 취소되어 전액 환불해드립니다 
",,2025-07-19T11:07:40,121.145.100.118,,,,NO,NO
7618320,16050,5871,4280234216126,35구역(존/블럭) 10열 계정이동,FIXED,2025-07-27T17:00:00,2025-07-27T17:00:00,2025-07-27T17:00,3,콘서트,1916,데이식스 (DAY6),5871,데이식스 2025 - 서울,CONCERT_B,ROW,10,35,3층 (3F),지정석,계정이동,1,NO,350000.0,350000.0,,,,26,,SALE,NO,YES,,,110000.0,NO,YES,NO,NO,NO,NO,"티켓 전달 : 계정이동 

본인 확인 후 티켓 수령할 수 있습니다 
구매자님 명의의 계정으로 티켓 이동해드립니다 
글로벌 계정으로만 이동 가능합니다 
외국인이나 여권 있는 내국인만 구매해주세요 
실패 시 거래 취소되어 전액 환불해드립니다 
",,2025-07-19T11:07:02,121.145.100.118,,,,NO,NO
7674122,80371,5871,4482560400852,10구역(존/블럭) 11ROW ,FIXED,2025-07-27T17:00:00,2025-07-27T17:00:00,2025-07-27T17:00,3,콘서트,1916,데이식스 (DAY6),5871,데이식스 2025 - 서울,CONCERT_B,ROW,11,10,2층 (2F),지정석,,1,NO,360000.0,360000.0,,,86,,,SALE,NO,YES,,,110000.0,NO,NO,NO,YES,NO,NO,"2층 11열 중간입니다
막막 현장에서 티켓 드립니다
본확x",,2025-07-25T18:57:26,118.235.3.32,,,,NO,NO
7672397,16050,5871,4170753785281,31구역(존/블럭) 3열 ,FIXED,2025-07-27T17:00:00,2025-07-27T17:00:00,2025-07-27T17:00,3,콘서트,1916,데이식스 (DAY6),5871,데이식스 2025 - 서울,CONCERT_B,ROW,3,31,3층 (3F),지정석,,1,NO,360000.0,360000.0,,,,26,,SALE,NO,YES,,,110000.0,NO,YES,NO,NO,NO,NO,"티켓 전달 : 계정이동 

글로벌 계정으로만 이동 가능합니다 
외국인이나 여권 있는 내국인만 구매해주세요 
실패 시 거래 취소되어 전액 환불해드립니다 ",,2025-07-25T15:56:56,121.174.108.120,,,,NO,NO
7673502,69900,5871,6983703711448,35구역(존/블럭) 10열 ,FIXED,2025-07-27T17:00:00,2025-07-27T17:00:00,2025-07-27T17:00,3,콘서트,1916,데이식스 (DAY6),5871,데이식스 2025 - 서울,CONCERT_B,ROW,10,35,3층 (3F),지정석,,1,NO,380000.0,380000.0,,,,,,SALE,NO,YES,,,110000.0,NO,NO,NO,YES,NO,NO,데이식스 팬미팅 7/27 일요일 막콘 3층 35구역 10열 한자리 티켓 공연장에서 전달해드립니다. 티켓 태깅하고 입장하시면 됩니다. 결제해주시면 제가 문자 드리겠습니다.,,2025-07-25T17:40:55,125.135.36.67,,,,NO,NO
7672354,16050,5871,2678015458735,18구역(존/블럭) 9열 ,FIXED,2025-07-27T17:00:00,2025-07-27T17:00:00,2025-07-27T17:00,3,콘서트,1916,데이식스 (DAY6),5871,데이식스 2025 - 서울,CONCERT_B,ROW,9,18,2층 (2F),지정석,,1,NO,400000.0,400000.0,,,,26,,SALE,NO,YES,,,110000.0,NO,YES,NO,NO,NO,NO,"티켓 전달 : 계정이동 

글로벌 계정으로만 이동 가능합니다 
외국인이나 여권 있는 내국인만 구매해주세요 
실패 시 거래 취소되어 전액 환불해드립니다 ",,2025-07-25T15:54:34,121.174.108.120,,,,NO,NO
7663235,16050,5871,9353358082037,13구역(존/블럭) 18ROW 계정이동,FIXED,2025-07-27T17:00:00,2025-07-27T17:00:00,2025-07-27T17:00,3,콘서트,1916,데이식스 (DAY6),5871,데이식스 2025 - 서울,CONCERT_B,ROW,18,13,2층 (2F),지정석,계정이동,1,NO,400000.0,400000.0,,,,26,,SALE,NO,YES,,,110000.0,NO,YES,NO,NO,NO,NO,"티켓 전달 : 계정이동 

글로벌 계정으로만 이동 가능합니다 
외국인이나 여권 있는 내국인만 구매해주세요 
실패 시 거래 취소되어 전액 환불해드립니다 ",,2025-07-24T21:52:23,211.197.135.115,,,,NO,NO
7660993,2617066,5871,7484628672635,10구역(존/블럭) 10열 ,FIXED,2025-07-26T18:00:00,2025-07-26T18:00:00,2025-07-26T18:00,3,콘서트,1916,데이식스 (DAY6),5871,데이식스 2025 - 서울,CONCERT_B,ROW,10,10,2층 (2F),지정석,,1,NO,400000.0,400000.0,,,,,,SALE,NO,YES,,,110000.0,NO,NO,NO,YES,NO,NO,"30대 여성
신분증 맞교환 (거래 장소 협의 필요)",,2025-07-24T14:52:59,124.195.242.232,,,,NO,NO
7634000,742985,5871,2728056292261,13구역(존/블럭) 14열 ,FIXED,2025-07-27T17:00:00,2025-07-27T17:00:00,2025-07-27T17:00,3,콘서트,1916,데이식스 (DAY6),5871,데이식스 2025 - 서울,CONCERT_B,ROW,14,13,2층 (2F),지정석,,1,NO,400000.0,400000.0,,,,90,,SALE,NO,YES,,,110000.0,NO,NO,NO,NO,NO,YES,"신분증 대여(여자명의)
직접 만나서 거래",,2025-07-21T07:41:08,223.39.194.195,,,,NO,NO
7633995,742985,5871,4751680902502,11구역(존/블럭) 12ROW ,FIXED,2025-07-27T17:00:00,2025-07-27T17:00:00,2025-07-27T17:00,3,콘서트,1916,데이식스 (DAY6),5871,데이식스 2025 - 서울,CONCERT_B,ROW,12,11,2층 (2F),지정석,,1,NO,400000.0,400000.0,,,,90,,SALE,NO,YES,,,110000.0,NO,NO,NO,NO,NO,YES,"신분증 대여(여성 계정)
협의 후 만나서 거래(서울)",,2025-07-21T07:39:12,223.39.194.195,,,,NO,NO
7425850,2525218,5871,8109898815550,12구역(존/블럭) 14ROW 사진O,FIXED,2025-07-27T17:00:00,2025-07-27T17:00:00,2025-07-27T17:00,3,콘서트,1916,데이식스 (DAY6),5871,데이식스 2025 - 서울,CONCERT_B,ROW,14,12,2층 (2F),지정석,사진O,1,NO,400000.0,400000.0,,,,90,,SALE,NO,YES,,,110000.0,NO,YES,NO,YES,NO,NO,"등기로 보내드리거나 현장 신분증 교환합니다!
20대 여성 명의",,2025-06-21T15:06:42,121.134.239.248,,,,NO,NO
7632328,16050,5871,5462432594574,11구역(존/블럭) 13ROW 계정이동,FIXED,2025-07-27T17:00:00,2025-07-27T17:00:00,2025-07-27T17:00,3,콘서트,1916,데이식스 (DAY6),5871,데이식스 2025 - 서울,CONCERT_B,ROW,13,11,2층 (2F),지정석,계정이동,1,NO,420000.0,420000.0,,,,26,,SALE,NO,YES,,,110000.0,NO,YES,NO,NO,NO,NO,"티켓 전달 : 계정이동 

본인 확인 후 티켓 수령할 수 있습니다 
구매자님 명의의 계정으로 티켓 이동해드립니다 
글로벌 계정으로만 이동 가능합니다 
외국인이나 여권 있는 내국인만 구매해주세요 
실패 시 거래 취소되어 전액 환불해드립니다 
",,2025-07-20T19:33:51,222.97.236.130,,,,NO,NO
7466671,1307574,5871,7710932271050,32구역(존/블럭) 3ROW ,FIXED,2025-07-27T17:00:00,2025-07-27T17:00:00,2025-07-27T17:00,3,콘서트,1916,데이식스 (DAY6),5871,데이식스 2025 - 서울,CONCERT_B,ROW,3,32,3층 (3F),지정석,,1,NO,420000.0,420000.0,,,86,,,SALE,NO,YES,,,110000.0,NO,NO,NO,YES,NO,NO,현장에서 티켓전달합니다,,2025-06-27T08:52:20,222.237.27.105,,,,NO,NO
7614388,2047860,5871,9940807562047,18구역(존/블럭) 9ROW 사진 있음,FIXED,2025-07-27T17:00:00,2025-07-27T17:00:00,2025-07-27T17:00,3,콘서트,1916,데이식스 (DAY6),5871,데이식스 2025 - 서울,CONCERT_B,ROW,9,18,2층 (2F),지정석,사진 있음,1,NO,430000.0,430000.0,,,,90,,SALE,NO,YES,,,110000.0,NO,NO,NO,NO,NO,YES,"티켓 + 신분증 맞교환
등기 배송 또는 26일 5시 서울역 가능",,2025-07-18T19:39:22,1.245.207.221,,,,NO,NO
7674012,2026566,5871,7852552711241,13구역(존/블럭) 13열 ,FIXED,2025-07-27T17:00:00,2025-07-27T17:00:00,2025-07-27T17:00,3,콘서트,1916,데이식스 (DAY6),5871,데이식스 2025 - 서울,CONCERT_B,ROW,13,13,2층 (2F),지정석,,1,NO,450000.0,450000.0,,,,,,SALE,NO,YES,,,110000.0,NO,NO,NO,YES,NO,NO,당일날 현장에서 티켓 전달해드립니다!  신분증x,,2025-07-25T18:44:45,121.167.202.158,,,,NO,NO
7673742,1749868,5871,5896973424423,13구역(존/블럭) 14열 구매 전 설명 필독,FIXED,2025-07-26T18:00:00,2025-07-26T18:00:00,2025-07-26T18:00,3,콘서트,1916,데이식스 (DAY6),5871,데이식스 2025 - 서울,CONCERT_B,ROW,14,13,2층 (2F),지정석,구매 전 설명 필독,1,NO,450000.0,450000.0,,,,,,SALE,NO,YES,,,110000.0,NO,NO,NO,NO,NO,YES,"내일 현장에서 티켓 전달해드립니다
신분증 X (본인확인 사라짐)",,2025-07-25T18:12:00,211.234.205.138,,,,NO,NO
7672815,2230329,5871,9052264448534,9구역(존/블럭) 2ROW ,FIXED,2025-07-26T18:00:00,2025-07-26T18:00:00,2025-07-26T18:00,3,콘서트,1916,데이식스 (DAY6),5871,데이식스 2025 - 서울,CONCERT_B,ROW,2,9,2층 (2F),지정석,,1,NO,450000.0,450000.0,,,,26,,SALE,NO,YES,,,110000.0,NO,NO,NO,NO,NO,YES,"2층 9구역 2열 극싸입니다 원필존, 본무대 잘 보이고 컨페티도 뿌려줍니다! 발롯코 명당이에요 계정 정보 공연 당일 오전에 알려드립니다 신분증X
구매하시고 안심 번호로 연락주세요",,2025-07-25T16:33:43,106.101.138.180,,,,NO,NO
7672726,2405078,5871,2953931580682,10구역(존/블럭) 15ROW ,FIXED,2025-07-27T17:00:00,2025-07-27T17:00:00,2025-07-27T17:00,3,콘서트,1916,데이식스 (DAY6),5871,데이식스 2025 - 서울,CONCERT_B,ROW,15,10,2층 (2F),지정석,,1,NO,450000.0,450000.0,,,,,,SALE,NO,YES,,,110000.0,NO,YES,NO,YES,NO,NO,"신분증 및 티켓 현장 맞교환 예정입니다
(20대 중반 여자)",,2025-07-25T16:26:06,112.171.6.16,,,,NO,NO
7672432,1650877,5871,9615547010326,14구역(존/블럭) 9열 실질6열 ,FIXED,2025-07-27T17:00:00,2025-07-27T17:00:00,2025-07-27T17:00,3,콘서트,1916,데이식스 (DAY6),5871,데이식스 2025 - 서울,CONCERT_B,ROW,9열 실질6,14,2층 (2F),지정석,,1,NO,450000.0,450000.0,,,,,,SALE,NO,YES,,,110000.0,NO,NO,NO,NO,NO,YES,공연 당일 현장에서 티켓 드려요,,2025-07-25T16:00:06,59.1.2.239,,,,NO,NO
7671812,1942848,5871,9610078030557,28구역(존/블럭) 10ROW 입장실패시환불O,FIXED,2025-07-27T17:00:00,2025-07-27T17:00:00,2025-07-27T17:00,3,콘서트,1916,데이식스 (DAY6),5871,데이식스 2025 - 서울,CONCERT_B,ROW,10,28,3층 (3F),지정석,입장실패시환불O,1,NO,450000.0,450000.0,,,,,,SALE,NO,YES,,,110000.0,NO,NO,NO,NO,NO,YES,"입장 실패시 환불해드립니다
구매 후 큐앤에이 확인해주세요",,2025-07-25T15:16:39,118.235.14.59,,,,NO,NO
7420093,460995,5871,3143500956471,15구역(존/블럭) 12ROW 현장도움가능,FIXED,2025-07-27T17:00:00,2025-07-27T17:00:00,2025-07-27T17:00,3,콘서트,1916,데이식스 (DAY6),5871,데이식스 2025 - 서울,CONCERT_B,ROW,12,15,2층 (2F),지정석,현장도움가능,1,NO,470000.0,470000.0,,,86,,,SALE,NO,NO,2025-06-25T12:00:00,,110000.0,NO,NO,NO,YES,NO,NO,본확 현장도움 가능,,2025-06-20T22:54:29,118.235.5.228,,,,NO,NO
7674484,1794596,5871,5578429646076,"14구역(존/블럭) 11열 우블, 사진O",FIXED,2025-07-27T17:00:00,2025-07-27T17:00:00,2025-07-27T17:00,3,콘서트,1916,데이식스 (DAY6),5871,데이식스 2025 - 서울,CONCERT_B,ROW,11,14,2층 (2F),지정석,"우블, 사진O",1,NO,500000.0,500000.0,,,,,,SALE,NO,YES,,,110000.0,NO,NO,NO,YES,NO,NO,"티켓 현장에서 전달해 드립니다
본인확인X",,2025-07-25T19:44:08,211.207.178.104,,,,NO,NO
7674314,2011403,5871,4349640240844,11구역(존/블럭) 15ROW 위치사진참고,FIXED,2025-07-26T18:00:00,2025-07-26T18:00:00,2025-07-26T18:00,3,콘서트,1916,데이식스 (DAY6),5871,데이식스 2025 - 서울,CONCERT_B,ROW,15,11,2층 (2F),지정석,위치사진참고,1,NO,500000.0,500000.0,,,,,,SALE,NO,YES,,,110000.0,NO,NO,NO,YES,NO,NO,본확X인 관계로  공연 1시간30분전  공연장 앞에서 티켓전달드립니다. ,,2025-07-25T19:23:46,118.235.10.244,,,,NO,NO
7673065,69900,5871,2686028013276,10구역(존/블럭) 16ROW ,FIXED,2025-07-27T17:00:00,2025-07-27T17:00:00,2025-07-27T17:00,3,콘서트,1916,데이식스 (DAY6),5871,데이식스 2025 - 서울,CONCERT_B,ROW,16,10,2층 (2F),지정석,,1,NO,500000.0,500000.0,,,,,,SALE,NO,YES,,,110000.0,NO,NO,NO,YES,NO,NO,"7월 27일 일요일 오후 5시 막콘
2층 10구역 16열 한자리 입니다.
공연 당일 현장에서 티켓 전달해드리겠습니다.
결제해주시고 Q&A 남겨주세요.",,2025-07-25T16:55:36,125.135.36.67,,,,NO,NO
7664620,3119671,5871,3972702792363,31구역(존/블럭) 실질1표기2ROW 본확없음,FIXED,2025-07-26T18:00:00,2025-07-26T18:00:00,2025-07-26T18:00,3,콘서트,1916,데이식스 (DAY6),5871,데이식스 2025 - 서울,CONCERT_B,ROW,실질1표기2,31,3층 (3F),지정석,본확없음,1,NO,500000.0,500000.0,,,,90,,SALE,NO,YES,,,110000.0,NO,NO,NO,YES,NO,NO,"25일 본확없었습니다. 

티켓 빠르게 전달드립니다",,2025-07-25T07:49:50,211.36.131.1,,,,NO,NO
7615974,1981367,5871,6566711102460,F2구역(존/블럭) 17열 ,FIXED,2025-07-26T18:00:00,2025-07-26T18:00:00,2025-07-26T18:00,3,콘서트,1916,데이식스 (DAY6),5871,데이식스 2025 - 서울,CONCERT_B,ROW,17,F2,플로어석 (Floor),지정석,,1,NO,500000.0,500000.0,,,,,,SALE,NO,YES,,,110000.0,NO,NO,NO,NO,NO,YES,"현장에서 신분증 맞교환합니다
여성명의",,2025-07-18T23:51:33,211.36.136.230,,,,NO,NO
7615776,40381,5871,9076374903031,14구역(존/블럭) 13ROW 여성명의,FIXED,2025-07-27T17:00:00,2025-07-27T17:00:00,2025-07-27T17:00,3,콘서트,1916,데이식스 (DAY6),5871,데이식스 2025 - 서울,CONCERT_B,ROW,13,14,2층 (2F),지정석,여성명의,1,NO,500000.0,500000.0,,,,,,SALE,NO,YES,,,110000.0,NO,NO,NO,YES,NO,NO,"20대~30대 여성명의
최대한 입장하실 수 있게 필요한 거 최대한 도움드립니다.(경험 있음)
당일 신분증+ 맞교환.
맞교환하실 본인 신분증 안 가져오시면 구매자님 불찰 환불X
공연 특성상 입장 실패시 환불X
감안하고 구매 부탁드립니다. 

구매 후 QnA로 연락주세요
전화X

",,2025-07-18T23:20:11,58.29.51.118,,,,NO,NO
7485934,214213,5871,7200239038344,30구역(존/블럭) 3ROW 입장 보장,FIXED,2025-07-27T17:00:00,2025-07-27T17:00:00,2025-07-27T17:00,3,콘서트,1916,데이식스 (DAY6),5871,데이식스 2025 - 서울,CONCERT_B,ROW,3,30,3층 (3F),지정석,입장 보장,1,NO,500000.0,500000.0,,,86,,,SALE,NO,YES,,,110000.0,NO,NO,NO,YES,NO,YES,"여성명의 신분증 및 당일 현장 입장 도움 전부 가능
이전회차 입장 전부 성공했습니다
외국인 X",,2025-06-29T10:01:01,116.43.208.70,,,,NO,NO
7672013,16050,5871,2537666238678,F2구역(존/블럭) 23열 구역내중앙 아옮,FIXED,2025-07-27T17:00:00,2025-07-27T17:00:00,2025-07-27T17:00,3,콘서트,1916,데이식스 (DAY6),5871,데이식스 2025 - 서울,CONCERT_B,ROW,23,F2,플로어석 (Floor),지정석,구역내중앙 아옮,1,NO,550000.0,550000.0,,,,26,,SALE,NO,YES,,,110000.0,NO,YES,NO,NO,NO,NO,"티켓 전달 : 계정이동 

글로벌 계정으로만 이동 가능합니다 
외국인이나 여권 있는 내국인만 구매해주세요 
실패 시 거래 취소되어 전액 환불해드립니다 ",,2025-07-25T15:29:24,121.174.108.120,,,,NO,NO
7637328,1996026,5871,7769355812471,13구역(존/블럭) 16ROW 여성명의 사진0,FIXED,2025-07-27T17:00:00,2025-07-27T17:00:00,2025-07-27T17:00,3,콘서트,1916,데이식스 (DAY6),5871,데이식스 2025 - 서울,CONCERT_B,ROW,16,13,2층 (2F),지정석,여성명의 사진0,1,NO,550000.0,550000.0,,,86,,,SALE,NO,YES,,,110000.0,NO,NO,NO,YES,NO,NO,"현장에서 티켓전달합니다!
본인확인 안한대요. ",10182608.0,2025-07-21T21:12:03,122.35.202.166,,,,NO,NO
7655579,149946,5871,9624270251735,14구역(존/블럭) 8ROW 실질 4열,FIXED,2025-07-27T17:00:00,2025-07-27T17:00:00,2025-07-27T17:00,3,콘서트,1916,데이식스 (DAY6),5871,데이식스 2025 - 서울,CONCERT_B,ROW,8,14,2층 (2F),지정석,실질 4열,1,NO,590000.0,590000.0,,,,,,SALE,NO,YES,,,110000.0,NO,NO,NO,YES,NO,NO,"공연장 거래 가능
20대 여성 명의 신분증 대여 가능 (보증금 10만원 별도)

입장 실패시 환불 불가합니다
동의하시는 분만 구매해주세요
거래 q&a로 연락주세요",,2025-07-23T22:59:21,14.5.224.190,,,,NO,NO
7614433,2586290,5871,1735363857874,14구역(존/블럭) 14ROW 사진 ㅇ입장실패환불,FIXED,2025-07-27T17:00:00,2025-07-27T17:00:00,2025-07-27T17:00,3,콘서트,1916,데이식스 (DAY6),5871,데이식스 2025 - 서울,CONCERT_B,ROW,14,14,2층 (2F),지정석,사진 ㅇ입장실패환불,1,NO,599000.0,599000.0,,,86,,,SALE,NO,YES,,,110000.0,NO,NO,NO,YES,NO,NO,"신분증 대여 및 입장도움 가능합니다.
‼️한국인만‼️가능합니다. 
한국인 외 외국인이 구매하시면 입장도움 불가능

데이식스 팬미팅 양도건 7/20일 기준 전원입장했습니다. ✔️",,2025-07-18T19:45:28,211.234.194.37,,,,NO,NO
7663141,16050,5871,2468289846857,F2구역(존/블럭) 19ROW 계정이동,FIXED,2025-07-27T17:00:00,2025-07-27T17:00:00,2025-07-27T17:00,3,콘서트,1916,데이식스 (DAY6),5871,데이식스 2025 - 서울,CONCERT_B,ROW,19,F2,플로어석 (Floor),지정석,계정이동,1,NO,600000.0,600000.0,,,,26,,SALE,NO,YES,,,110000.0,NO,YES,NO,NO,NO,NO,"티켓 전달 : 계정이동 

글로벌 계정으로만 이동 가능합니다 
외국인이나 여권 있는 내국인만 구매해주세요 
실패 시 거래 취소되어 전액 환불해드립니다 ",,2025-07-24T21:25:12,211.197.135.115,,,,NO,NO
7663137,16050,5871,5267326786003,F2구역(존/블럭) 17ROW 아옮,FIXED,2025-07-27T17:00:00,2025-07-27T17:00:00,2025-07-27T17:00,3,콘서트,1916,데이식스 (DAY6),5871,데이식스 2025 - 서울,CONCERT_B,ROW,17,F2,플로어석 (Floor),지정석,아옮,1,NO,600000.0,600000.0,,,,26,,SALE,NO,YES,,,110000.0,NO,YES,NO,NO,NO,NO,"티켓 전달 : 계정이동 

글로벌 계정으로만 이동 가능합니다 
외국인이나 여권 있는 내국인만 구매해주세요 
실패 시 거래 취소되어 전액 환불해드립니다 ",,2025-07-24T21:24:43,211.197.135.115,,,,NO,NO
7674054,2026566,5871,3968660181685,F2구역(존/블럭) 17열 ,FIXED,2025-07-27T17:00:00,2025-07-27T17:00:00,2025-07-27T17:00,3,콘서트,1916,데이식스 (DAY6),5871,데이식스 2025 - 서울,CONCERT_B,ROW,17,F2,플로어석 (Floor),지정석,,1,NO,620000.0,620000.0,,,,,,SALE,NO,YES,,,110000.0,NO,NO,NO,YES,NO,NO,당일날 현장에서 티켓 전달해드립니다!  신분증x,,2025-07-25T18:48:15,121.167.202.158,,,,NO,NO
7645017,854031,5871,5228828034237,18구역(존/블럭) 6열 실질2ROW 실질2열,FIXED,2025-07-27T17:00:00,2025-07-27T17:00:00,2025-07-27T17:00,3,콘서트,1916,데이식스 (DAY6),5871,데이식스 2025 - 서울,CONCERT_B,ROW,6열 실질2,18,2층 (2F),지정석,실질2열,1,NO,620000.0,620000.0,,,,,,SALE,NO,YES,,,110000.0,NO,NO,NO,YES,NO,NO,"여성명의
현장에서 신분증 대여 해드려요
 ",,2025-07-22T18:22:58,14.5.118.46,,,,NO,NO
7558104,2217155,5871,7901088537230,14구역(존/블럭) 6열 실질3ROW 사진O 남성명의,FIXED,2025-07-27T17:00:00,2025-07-27T17:00:00,2025-07-27T17:00,3,콘서트,1916,데이식스 (DAY6),5871,데이식스 2025 - 서울,CONCERT_B,ROW,6열 실질3,14,2층 (2F),지정석,사진O 남성명의,1,NO,640000.0,640000.0,,,,,,SALE,NO,YES,,,110000.0,NO,NO,YES,YES,NO,NO,"팬클럽키트 우양산 받을수있게 멤버쉽카드 대여해 드려요~2주차 핑크색 쁘멀우양산 증정
티켓+신분증 함께 보내드립니다.
1회차 공연오시면 현장전달도 가능합니다.
무대정면 2층 3열입니다.
",,2025-07-10T19:37:50,58.224.75.251,,,,NO,NO
7674136,2119488,5871,5892255486685,F2구역(존/블럭) 23ROW ,FIXED,2025-07-27T17:00:00,2025-07-27T17:00:00,2025-07-27T17:00,3,콘서트,1916,데이식스 (DAY6),5871,데이식스 2025 - 서울,CONCERT_B,ROW,23,F2,플로어석 (Floor),지정석,,1,NO,650000.0,650000.0,,,,,,SALE,NO,YES,,,110000.0,NO,NO,NO,YES,NO,NO,"구매후큐앤에이로 연락주세요 !
문자답장안해요 
신분증대여x 티켓만 드립니다",,2025-07-25T18:59:53,59.6.5.129,,,,NO,NO
7663148,16050,5871,2745043870481,F2구역(존/블럭) 25ROW 좌석번호10번대초반,FIXED,2025-07-27T17:00:00,2025-07-27T17:00:00,2025-07-27T17:00,3,콘서트,1916,데이식스 (DAY6),5871,데이식스 2025 - 서울,CONCERT_B,ROW,25,F2,플로어석 (Floor),지정석,좌석번호10번대초반,1,NO,650000.0,650000.0,,,,26,,SALE,NO,YES,,,110000.0,NO,YES,NO,NO,NO,NO,"티켓 전달 : 계정이동 

글로벌 계정으로만 이동 가능합니다 
외국인이나 여권 있는 내국인만 구매해주세요 
실패 시 거래 취소되어 전액 환불해드립니다 ",,2025-07-24T21:27:24,211.197.135.115,,,,NO,NO
7655595,149946,5871,7875543856321,F2구역(존/블럭) 20ROW 사진O 무대쪽,FIXED,2025-07-27T17:00:00,2025-07-27T17:00:00,2025-07-27T17:00,3,콘서트,1916,데이식스 (DAY6),5871,데이식스 2025 - 서울,CONCERT_B,ROW,20,F2,플로어석 (Floor),지정석,사진O 무대쪽,1,NO,650000.0,650000.0,,,,,,SALE,NO,YES,,,110000.0,NO,NO,NO,YES,NO,NO,"공연장 거래 가능
30대 여성 명의 신분증 대여 가능 (보증금 3만원 별도)

입장 실패시 환불 불가합니다
동의하시는 분만 구매해주세요
거래 q&a로 연락주세요",,2025-07-23T23:01:26,14.5.224.190,,,,NO,NO
7654718,2181660,5871,9629849248764,F2구역(존/블럭) 18-23열 1n초반복도석근처,FIXED,2025-07-27T17:00:00,2025-07-27T17:00:00,2025-07-27T17:00,3,콘서트,1916,데이식스 (DAY6),5871,데이식스 2025 - 서울,CONCERT_B,ROW,18-23,F2,플로어석 (Floor),지정석,1n초반복도석근처,1,NO,650000.0,650000.0,,,86,,,SALE,NO,YES,,,110000.0,NO,YES,NO,YES,NO,NO,"현장에서 티켓&신분증 전달해드립니다.

여성명의입니당

복도석 근처라서 토롯코 + 돌출+본무대 보기에 딱 좋습니당

원필존❤️

입장 못하셔도 환불은 어렵습니다!",,2025-07-23T20:32:13,59.10.145.162,,,,NO,NO
7646154,1778761,5871,8550367310376,F2구역(존/블럭) 18ROW 본확X,FIXED,2025-07-26T18:00:00,2025-07-26T18:00:00,2025-07-26T18:00,3,콘서트,1916,데이식스 (DAY6),5871,데이식스 2025 - 서울,CONCERT_B,ROW,18,F2,플로어석 (Floor),지정석,본확X,1,NO,650000.0,650000.0,,,,,,SALE,NO,YES,,,110000.0,NO,NO,NO,YES,NO,NO,현장에서 티켓 전달해드립니다,,2025-07-22T22:21:06,121.178.136.22,,,,NO,NO
7638239,1885858,5871,9407140862061,F2구역(존/블럭) 24ROW 현장 전달,FIXED,2025-07-27T17:00:00,2025-07-27T17:00:00,2025-07-27T17:00,3,콘서트,1916,데이식스 (DAY6),5871,데이식스 2025 - 서울,CONCERT_B,ROW,24,F2,플로어석 (Floor),지정석,현장 전달,1,NO,650000.0,650000.0,,,,,,SALE,NO,YES,,,110000.0,NO,NO,NO,YES,NO,NO,본인 확인 없어져서 현장에서 티켓 전달합니다,,2025-07-22T01:21:54,112.154.45.94,,,,NO,NO
7620164,1787991,5871,5120664187243,F2구역(존/블럭) 24ROW 사진O 돌출쪽,FIXED,2025-07-27T17:00:00,2025-07-27T17:00:00,2025-07-27T17:00,3,콘서트,1916,데이식스 (DAY6),5871,데이식스 2025 - 서울,CONCERT_B,ROW,24,F2,플로어석 (Floor),지정석,사진O 돌출쪽,1,NO,650000.0,650000.0,,,,,,SALE,NO,YES,,,110000.0,NO,YES,NO,NO,NO,NO,현장거래,,2025-07-19T12:05:31,223.39.217.182,,,,NO,NO
7485942,214213,5871,5928121594721,14구역(존/블럭) 16ROW 입장 보장,FIXED,2025-07-27T17:00:00,2025-07-27T17:00:00,2025-07-27T17:00,3,콘서트,1916,데이식스 (DAY6),5871,데이식스 2025 - 서울,CONCERT_B,ROW,16,14,2층 (2F),지정석,입장 보장,1,NO,650000.0,650000.0,,,86,,,SALE,NO,YES,,,110000.0,NO,NO,NO,YES,NO,YES,"여성명의 신분증 및 당일 현장 입장 도움 전부 가능
이전회차 입장 전부 성공했습니다
외국인 X",,2025-06-29T10:02:44,116.43.208.70,,,,NO,NO
7435452,958077,5871,9307379302882,13구역(존/블럭) 7ROW 실질 3열~4열,FIXED,2025-07-26T18:00:00,2025-07-26T18:00:00,2025-07-26T18:00,3,콘서트,1916,데이식스 (DAY6),5871,데이식스 2025 - 서울,CONCERT_B,ROW,7,13,2층 (2F),지정석,실질 3열~4열,1,NO,690000.0,690000.0,,,,,,SALE,NO,YES,,,110000.0,NO,NO,NO,YES,NO,NO,"티켓 전달
거래 q&a 확인해주세요",,2025-06-22T23:56:02,211.60.166.175,,,,NO,NO
7674062,3119671,5871,4599556591072,14구역(존/블럭) 중통4번안실질7ROW 사진참고,FIXED,2025-07-27T17:00:00,2025-07-27T17:00:00,2025-07-27T17:00,3,콘서트,1916,데이식스 (DAY6),5871,데이식스 2025 - 서울,CONCERT_B,ROW,중통4번안실질7,14,2층 (2F),지정석,사진참고,1,NO,700000.0,700000.0,,,,,,SALE,NO,YES,,,110000.0,NO,NO,NO,YES,NO,NO,"자리 사진 참고 
현장에서 전달드림 
오늘 금요일 본인확인안함 
",,2025-07-25T18:48:39,211.36.146.58,,,,NO,NO
7673985,2102596,5871,7637905522740,F1구역(존/블럭) 16ROW 2n번,FIXED,2025-07-27T17:00:00,2025-07-27T17:00:00,2025-07-27T17:00,3,콘서트,1916,데이식스 (DAY6),5871,데이식스 2025 - 서울,CONCERT_B,ROW,16,F1,플로어석 (Floor),지정석,2n번,1,NO,700000.0,700000.0,,,,,,SALE,NO,YES,,,110000.0,NO,NO,NO,YES,NO,NO,현장에서 티켓 전달드려요!,,2025-07-25T18:39:51,118.235.82.127,,,,NO,NO
7673453,2597811,5871,8107029714268,F1구역(존/블럭) 9ROW 복도가까운케존 현장,FIXED,2025-07-27T17:00:00,2025-07-27T17:00:00,2025-07-27T17:00,3,콘서트,1916,데이식스 (DAY6),5871,데이식스 2025 - 서울,CONCERT_B,ROW,9,F1,플로어석 (Floor),지정석,복도가까운케존 현장,1,NO,700000.0,700000.0,,,86,,,SALE,NO,YES,,,110000.0,NO,NO,NO,YES,NO,NO,"데이식스 팬미팅 pier10 7월 27일 막막 플로어 양도
only 카드티켓만 양도 가능(신분증x)
🦊케존이에요 
사진에서 좌석 위치 확인해주세요",,2025-07-25T17:35:05,1.214.145.195,,,,NO,NO
7672838,1820703,5871,9711220485001,13구역(존/블럭) 8ROW 실질 4열,FIXED,2025-07-27T17:00:00,2025-07-27T17:00:00,2025-07-27T17:00,3,콘서트,1916,데이식스 (DAY6),5871,데이식스 2025 - 서울,CONCERT_B,ROW,8,13,2층 (2F),지정석,실질 4열,1,NO,700000.0,700000.0,,,,,,SALE,NO,YES,,,110000.0,NO,NO,NO,YES,NO,NO,현장 티켓 ( 당일 or  토요일)전달 / 마데존 제외,10179402.0,2025-07-25T16:35:11,218.236.244.153,,,,NO,NO
7672695,1778761,5871,4415320498325,F2구역(존/블럭) 18ROW 사진0,FIXED,2025-07-26T18:00:00,2025-07-26T18:00:00,2025-07-26T18:00,3,콘서트,1916,데이식스 (DAY6),5871,데이식스 2025 - 서울,CONCERT_B,ROW,18,F2,플로어석 (Floor),지정석,사진0,1,NO,700000.0,700000.0,,,,,,SALE,NO,YES,,,110000.0,NO,NO,NO,YES,NO,NO,현장에서 티켓드립니다.,,2025-07-25T16:22:58,106.101.137.215,,,,NO,NO
7671968,1548826,5871,9810474340502,F2구역(존/블럭) 8ROW 사진o,FIXED,2025-07-26T18:00:00,2025-07-26T18:00:00,2025-07-26T18:00,3,콘서트,1916,데이식스 (DAY6),5871,데이식스 2025 - 서울,CONCERT_B,ROW,8,F2,플로어석 (Floor),지정석,사진o,1,NO,700000.0,700000.0,,,,,,SALE,NO,YES,,,110000.0,NO,NO,NO,NO,NO,YES,"공연 당일 현장에서 전달해드립니다!
입장도움해드려요",,2025-07-25T15:26:34,121.162.227.149,,,,NO,NO
7674045,1755825,5871,1532171938165,F2구역(존/블럭) 14열 본확 X,FIXED,2025-07-26T18:00:00,2025-07-26T18:00:00,2025-07-26T18:00,3,콘서트,1916,데이식스 (DAY6),5871,데이식스 2025 - 서울,CONCERT_B,ROW,14,F2,플로어석 (Floor),지정석,본확 X,1,NO,750000.0,750000.0,,,86,,,SALE,NO,YES,,,110000.0,NO,NO,NO,YES,NO,NO,2주차 본인확인 없어져서 현장에서 티켓만 전달 드립니다! 구매 후 q&a 남겨주세요!,,2025-07-25T18:47:32,125.187.146.45,,,,NO,NO
7673168,3131182,5871,2382949517815,F2구역(존/블럭) 15ROW 돌출 사진 설명,FIXED,2025-07-27T17:00:00,2025-07-27T17:00:00,2025-07-27T17:00,3,콘서트,1916,데이식스 (DAY6),5871,데이식스 2025 - 서울,CONCERT_B,ROW,15,F2,플로어석 (Floor),지정석,돌출 사진 설명,1,NO,750000.0,750000.0,,,86,,,SALE,NO,YES,,,110000.0,NO,NO,NO,YES,NO,NO,"현장에서 티켓 직접 전달해드려요 
구매자께서 원하시면 번호 교환 후 일정 조율 가능!
본확 안 하지만 혹시 필요하다면 신분증 상호 교환 가능함! / 양우산 기프트 드림!
여성명의
",,2025-07-25T17:06:09,119.69.252.49,,,,NO,NO
7672854,220739,5871,8240948467278,F2구역(존/블럭) 24ROW 사진첨부,FIXED,2025-07-27T17:00:00,2025-07-27T17:00:00,2025-07-27T17:00,3,콘서트,1916,데이식스 (DAY6),5871,데이식스 2025 - 서울,CONCERT_B,ROW,24,F2,플로어석 (Floor),지정석,사진첨부,1,NO,750000.0,750000.0,,,,,,SALE,NO,YES,,,110000.0,NO,NO,NO,YES,NO,NO,"본인확인 없어져서 현장에서 티켓만 전달해드립니다!
TWT @llovede_로 연락주심 더 저렴한 가격에 구매 가능하십니다.",,2025-07-25T16:36:37,115.138.239.212,,,,NO,NO
7672343,1886290,5871,3619198817055,F2구역(존/블럭) 20~22열 돌출4열 사진참고,FIXED,2025-07-26T18:00:00,2025-07-26T18:00:00,2025-07-26T18:00,3,콘서트,1916,데이식스 (DAY6),5871,데이식스 2025 - 서울,CONCERT_B,ROW,20~22열 돌출4,F2,플로어석 (Floor),지정석,사진참고,1,NO,750000.0,750000.0,,,,,,SALE,NO,YES,,,110000.0,NO,NO,NO,YES,NO,NO,현장에서 티켓 드립니다~,,2025-07-25T15:53:36,175.193.238.238,,,,NO,NO
7672177,16050,5871,6978106101261,F1구역(존/블럭) 7열 구역내중앙 아옮,FIXED,2025-07-27T17:00:00,2025-07-27T17:00:00,2025-07-27T17:00,3,콘서트,1916,데이식스 (DAY6),5871,데이식스 2025 - 서울,CONCERT_B,ROW,7,F1,플로어석 (Floor),지정석,구역내중앙 아옮,1,NO,750000.0,750000.0,,,,26,,SALE,NO,YES,,,110000.0,NO,YES,NO,NO,NO,NO,"티켓 전달 : 계정이동 

글로벌 계정으로만 이동 가능합니다 
외국인이나 여권 있는 내국인만 구매해주세요 
실패 시 거래 취소되어 전액 환불해드립니다 ",,2025-07-25T15:43:20,121.174.108.120,,,,NO,NO
7545484,837180,5871,5658560585176,13구역(존/블럭) 7-10ROW 중앙 통로석,FIXED,2025-07-27T17:00:00,2025-07-27T17:00:00,2025-07-27T17:00,3,콘서트,1916,데이식스 (DAY6),5871,데이식스 2025 - 서울,CONCERT_B,ROW,7-10,13,2층 (2F),지정석,중앙 통로석,1,NO,750000.0,750000.0,,,,,,SALE,NO,YES,,,110000.0,NO,NO,NO,YES,NO,NO,"7/25 기준 티켓만 있으면 입장 가능, 필요시 현장에서 신분증 맞교환으로 양도합니다",,2025-07-09T10:57:49,122.32.122.107,,,10161973,NO,NO
7645774,1780471,5871,8728548864352,16구역(존/블럭) 7열 실제 2~3ROW 좌석사진 O,FIXED,2025-07-27T17:00:00,2025-07-27T17:00:00,2025-07-27T17:00,3,콘서트,1916,데이식스 (DAY6),5871,데이식스 2025 - 서울,CONCERT_B,ROW,7열 실제 2~3,16,2층 (2F),지정석,좌석사진 O,1,NO,760000.0,760000.0,,,,,,SALE,NO,YES,,,110000.0,NO,NO,NO,NO,NO,YES,"7.27 (일)
16구역 7열 실제 2~3열
공연당일 티켓 전달,
신분증(30대여자) 교환 해드려요.",10196110.0,2025-07-22T20:59:02,121.166.152.52,,,,NO,NO
7655444,149946,5871,9484963858843,F1구역(존/블럭) 4열 ,FIXED,2025-07-27T17:00:00,2025-07-27T17:00:00,2025-07-27T17:00,3,콘서트,1916,데이식스 (DAY6),5871,데이식스 2025 - 서울,CONCERT_B,ROW,4,F1,플로어석 (Floor),지정석,,1,NO,770000.0,770000.0,,,,,,SALE,NO,YES,,,110000.0,NO,NO,NO,YES,NO,NO,"공연장 거래 가능
20대 여성 신분증 대여 (보증금 별도)
입장 실패시 환불 불가
동의하시는 분만 구매해주세요
거래 q&a로 연락 주세요",,2025-07-23T22:41:25,14.5.224.190,,,,NO,NO
7673605,2083510,5871,6816201616111,"F2구역(존/블럭) 11열 본확없음,현장O",FIXED,2025-07-26T18:00:00,2025-07-26T18:00:00,2025-07-26T18:00,3,콘서트,1916,데이식스 (DAY6),5871,데이식스 2025 - 서울,CONCERT_B,ROW,11,F2,플로어석 (Floor),지정석,"본확없음,현장O",1,NO,780000.0,780000.0,,,,,,SALE,NO,YES,,,110000.0,NO,NO,NO,YES,NO,NO,"2주차 본인확인 없어졌어요. 
 
당일 현장에서 티켓 전달O",,2025-07-25T17:55:16,211.60.166.175,,,10187216,NO,NO
7673496,2684304,5871,1268739975374,F2구역(존/블럭) 10열 2n번,FIXED,2025-07-27T17:00:00,2025-07-27T17:00:00,2025-07-27T17:00,3,콘서트,1916,데이식스 (DAY6),5871,데이식스 2025 - 서울,CONCERT_B,ROW,10,F2,플로어석 (Floor),지정석,2n번,1,NO,800000.0,800000.0,,,86,,,SALE,NO,YES,,,110000.0,NO,NO,NO,YES,NO,NO,현장에서 직접 전달해드려요,,2025-07-25T17:39:56,118.235.91.82,,,,NO,NO
7672915,2031844,5871,3570405700443,F1구역(존/블럭) 24ROW 무대쪽 사진ㅇ,FIXED,2025-07-26T18:00:00,2025-07-26T18:00:00,2025-07-26T18:00,3,콘서트,1916,데이식스 (DAY6),5871,데이식스 2025 - 서울,CONCERT_B,ROW,24,F1,플로어석 (Floor),지정석,무대쪽 사진ㅇ,1,NO,800000.0,800000.0,,,,,,SALE,NO,YES,,,110000.0,NO,NO,NO,YES,NO,NO,"현장에서 티켓 전달 드립니다
",,2025-07-25T16:41:48,175.200.64.127,,,,NO,NO
7663670,1913528,5871,3074366705561,F2구역(존/블럭) 25열 5번이하 발롯코명당,FIXED,2025-07-26T18:00:00,2025-07-26T18:00:00,2025-07-26T18:00,3,콘서트,1916,데이식스 (DAY6),5871,데이식스 2025 - 서울,CONCERT_B,ROW,25,F2,플로어석 (Floor),지정석,5번이하 발롯코명당,1,NO,800000.0,800000.0,,,86,90,,SALE,NO,YES,,,110000.0,NO,NO,NO,YES,NO,NO,"7월 26일 토요일 팬미팅
F2구역 25열 5번이하 양도
20대 여성명의 서로 신분증 교환합니다
구매 후 Q&A 꼭 주세요!",,2025-07-24T23:22:42,58.141.220.174,,,,NO,NO
7661724,2563065,5871,6033410687716,F2구역(존/블럭) 22ROW 1n번,FIXED,2025-07-27T17:00:00,2025-07-27T17:00:00,2025-07-27T17:00,3,콘서트,1916,데이식스 (DAY6),5871,데이식스 2025 - 서울,CONCERT_B,ROW,22,F2,플로어석 (Floor),지정석,1n번,1,NO,800000.0,800000.0,,,86,,,SALE,NO,YES,,,110000.0,NO,NO,NO,YES,NO,NO,"외국인 명의(20대 아시아여성)(여권대여)
(여권만 체크함 다른 인증 필요없음)
전지ㄴ용 가능
공연 당일 신분증이랑 티켓이 전달드립니다.(신분증 맞교환)",,2025-07-24T16:29:11,27.102.107.145,,,,NO,NO
7661097,1833760,5871,2585992593404,15구역(존/블럭) 7열 실질 1ROW 동반 globalO,FIXED,2025-07-26T18:00:00,2025-07-26T18:00:00,2025-07-26T18:00,3,콘서트,1916,데이식스 (DAY6),5871,데이식스 2025 - 서울,CONCERT_B,ROW,7열 실질 1,15,2층 (2F),지정석,동반 globalO,1,NO,800000.0,800000.0,,,,,,SALE,NO,YES,,,110000.0,NO,NO,NO,NO,NO,YES,"본인확인 없는 동반표입니다.
현장에서 표 드려요!
입장 실패시 환불해드려요!

Global OK ",10171617.0,2025-07-24T15:09:49,125.133.125.171,,,,NO,NO
7660951,1884551,5871,1382083331563,"F1구역(존/블럭) 24ROW 돌출2열,사진 O",FIXED,2025-07-26T18:00:00,2025-07-26T18:00:00,2025-07-26T18:00,3,콘서트,1916,데이식스 (DAY6),5871,데이식스 2025 - 서울,CONCERT_B,ROW,24,F1,플로어석 (Floor),지정석,"돌출2열,사진 O",1,NO,800000.0,800000.0,,,86,,,SALE,NO,YES,,,110000.0,NO,NO,NO,YES,NO,NO,현장 전달 or 서울 전달,,2025-07-24T14:45:12,1.225.21.9,,,,NO,NO
7613113,830097,5871,8263525918643,13구역(존/블럭) 5ROW 사진O,FIXED,2025-07-27T17:00:00,2025-07-27T17:00:00,2025-07-27T17:00,3,콘서트,1916,데이식스 (DAY6),5871,데이식스 2025 - 서울,CONCERT_B,ROW,5,13,2층 (2F),지정석,사진O,1,NO,800000.0,800000.0,,,,,,SALE,NO,YES,,,110000.0,NO,NO,NO,YES,NO,NO,현장 근처에서 티켓 전달드립니다,10167177.0,2025-07-18T17:01:13,116.46.54.220,,,,NO,NO
7420456,2195362,5871,7502121483371,14구역(존/블럭) 6열 실질 3ROW 사진 O,FIXED,2025-07-27T17:00:00,2025-07-27T17:00:00,2025-07-27T17:00,3,콘서트,1916,데이식스 (DAY6),5871,데이식스 2025 - 서울,CONCERT_B,ROW,6열 실질 3,14,2층 (2F),지정석,사진 O,1,NO,800000.0,800000.0,,,,,,SALE,NO,YES,,,110000.0,NO,NO,YES,YES,NO,NO,공연 당일 티켓+우양산 전달해,,2025-06-20T23:47:13,121.181.54.151,,,,NO,NO
7418867,1650877,5871,5563327851802,15구역(존/블럭) 8열 실질1ROW 좌석사진ㅇ 여성명의,FIXED,2025-07-27T17:00:00,2025-07-27T17:00:00,2025-07-27T17:00,3,콘서트,1916,데이식스 (DAY6),5871,데이식스 2025 - 서울,CONCERT_B,ROW,8열 실질1,15,2층 (2F),지정석,좌석사진ㅇ 여성명의,1,NO,800000.0,800000.0,,,86,,,SALE,NO,YES,,,110000.0,NO,NO,NO,NO,NO,YES,"당일 공연장 근처에서 티켓 전달
팬클럽 기프트X",,2025-06-20T20:46:53,59.1.2.239,,,,NO,NO
7454008,2220542,5871,8305003602043,15구역(존/블럭) 9ROW 실질 4열 왼블,FIXED,2025-07-27T17:00:00,2025-07-27T17:00:00,2025-07-27T17:00,3,콘서트,1916,데이식스 (DAY6),5871,데이식스 2025 - 서울,CONCERT_B,ROW,9,15,2층 (2F),지정석,실질 4열 왼블,1,NO,850000.0,850000.0,,,,,,SALE,NO,YES,,,110000.0,NO,NO,NO,YES,NO,YES,"입장도움드립니다
티켓 현장 전달가능해요",,2025-06-25T15:26:13,1.240.193.72,,,,NO,NO
7671911,2219604,5871,9354523634564,F2구역(존/블럭) 본확 검사없음7ROW 사진O,FIXED,2025-07-26T18:00:00,2025-07-26T18:00:00,2025-07-26T18:00,3,콘서트,1916,데이식스 (DAY6),5871,데이식스 2025 - 서울,CONCERT_B,ROW,본확 검사없음7,F2,플로어석 (Floor),지정석,사진O,1,NO,899000.0,899000.0,,,,,,SALE,NO,YES,,,110000.0,NO,NO,NO,NO,NO,YES,"오늘검사안했습니다.
만약하더라도 대여로도와드려요",,2025-07-25T15:23:27,211.234.204.104,,,,NO,NO
7672502,1392692,5871,7053819257310,F2구역(존/블럭) 24ROW 사진참고 ,FIXED,2025-07-26T18:00:00,2025-07-26T18:00:00,2025-07-26T18:00,3,콘서트,1916,데이식스 (DAY6),5871,데이식스 2025 - 서울,CONCERT_B,ROW,24,F2,플로어석 (Floor),지정석,사진참고 ,1,NO,900000.0,900000.0,,,,,,SALE,NO,YES,,,110000.0,NO,NO,NO,YES,NO,YES,"티켓 전달입니다 

구매시 Q&A로 보내드리는 오픈채팅에 꼭 들어와주세요. (필요시)


오픈채팅으로 질문 부탁드립니다.
티켓베이 정책 상, 단순 변심으로 인한 구매 취소는 어렵습니다. ",,2025-07-25T16:04:53,1.240.87.217,,,,NO,NO
7645760,1780471,5871,8910657135066,F2구역(존/블럭) 18~22열 돌출ROW 좌석사진 O,FIXED,2025-07-26T18:00:00,2025-07-26T18:00:00,2025-07-26T18:00,3,콘서트,1916,데이식스 (DAY6),5871,데이식스 2025 - 서울,CONCERT_B,ROW,18~22열 돌출,F2,플로어석 (Floor),지정석,좌석사진 O,1,NO,900000.0,900000.0,,,,,,SALE,NO,YES,,,110000.0,NO,NO,NO,NO,NO,YES,"7.26 (토)
F2구역 18~21열 돌출
공연당일 티켓 전달 및 신분증 교환 해드려요.",,2025-07-22T20:56:12,121.166.152.52,,,,NO,NO
7419375,1913528,5871,6991615610121,F2구역(존/블럭) 23~26열 1번ROW 사진O 돌출 1번,FIXED,2025-07-26T18:00:00,2025-07-26T18:00:00,2025-07-26T18:00,3,콘서트,1916,데이식스 (DAY6),5871,데이식스 2025 - 서울,CONCERT_B,ROW,23~26열 1번,F2,플로어석 (Floor),지정석,사진O 돌출 1번,1,NO,900000.0,900000.0,,,86,90,,SALE,NO,YES,,,110000.0,NO,NO,NO,YES,NO,NO,"7/26 토 팬미팅
플로어 F2구역 23~26열 중 1자리 
왼쪽 1번 자리 양도
발롯코 보기 좋은 자리

현장도움, 신분증 교환 가능합니다 (여성명의)",,2025-06-20T21:35:19,211.119.165.211,,,,NO,NO
7663110,16050,5871,4652088356333,F1구역(존/블럭) 2ROW 계정이동,FIXED,2025-07-27T17:00:00,2025-07-27T17:00:00,2025-07-27T17:00,3,콘서트,1916,데이식스 (DAY6),5871,데이식스 2025 - 서울,CONCERT_B,ROW,2,F1,플로어석 (Floor),지정석,계정이동,1,NO,950000.0,950000.0,,,,26,,SALE,NO,YES,,,110000.0,NO,YES,NO,NO,NO,NO,"티켓 전달 : 계정이동 

글로벌 계정으로만 이동 가능합니다 
외국인이나 여권 있는 내국인만 구매해주세요 
실패 시 거래 취소되어 전액 환불해드립니다 ",,2025-07-24T21:17:26,220.77.116.167,,,,NO,NO
7646416,3119671,5871,2640129300884,F1구역(존/블럭) 1n번 21ROW ,FIXED,2025-07-27T17:00:00,2025-07-27T17:00:00,2025-07-27T17:00,3,콘서트,1916,데이식스 (DAY6),5871,데이식스 2025 - 서울,CONCERT_B,ROW,1n번 21,F1,플로어석 (Floor),지정석,,1,NO,990000.0,990000.0,,,86,90,,SALE,NO,YES,,,110000.0,NO,NO,NO,YES,NO,NO,"막첫콘 본확안했습니다 
당일 현장에서 전달드립니다",,2025-07-22T23:05:12,119.192.213.129,,,,NO,NO
7674183,857172,5871,2950127301163,F1구역(존/블럭) 13열 돌출쪽 사진O,FIXED,2025-07-26T18:00:00,2025-07-26T18:00:00,2025-07-26T18:00,3,콘서트,1916,데이식스 (DAY6),5871,데이식스 2025 - 서울,CONCERT_B,ROW,13,F1,플로어석 (Floor),지정석,돌출쪽 사진O,1,NO,1000000.0,1000000.0,,,,,,SALE,NO,YES,,,110000.0,NO,NO,NO,YES,NO,NO,공연장에서 실물티켓 전달합니다,,2025-07-25T19:07:57,222.117.133.223,,,,NO,NO
7673488,865594,5871,1377319986303,F1구역(존/블럭) 12열 본확X,FIXED,2025-07-26T18:00:00,2025-07-26T18:00:00,2025-07-26T18:00,3,콘서트,1916,데이식스 (DAY6),5871,데이식스 2025 - 서울,CONCERT_B,ROW,12,F1,플로어석 (Floor),지정석,본확X,1,NO,1000000.0,1000000.0,,,,,,SALE,NO,YES,,,110000.0,NO,NO,NO,YES,NO,NO,"2주차는 본인확인 없습니다
티켓만 전달 
콘서트장 현장에서 전달",,2025-07-25T17:39:00,211.60.166.175,,,,NO,NO
7654892,340118,5871,9666505457512,F2구역(존/블럭) 25ROW 발롯코1열&돌출3열,FIXED,2025-07-26T18:00:00,2025-07-26T18:00:00,2025-07-26T18:00,3,콘서트,1916,데이식스 (DAY6),5871,데이식스 2025 - 서울,CONCERT_B,ROW,25,F2,플로어석 (Floor),지정석,발롯코1열&돌출3열,1,NO,1000000.0,1000000.0,,,,,,SALE,NO,YES,,,110000.0,NO,NO,NO,YES,NO,NO,"25열 n번
여성명의 신분증 대여합니다
현장에서 티켓&신분증 드려요",,2025-07-23T21:01:17,106.101.196.95,,,,NO,NO
7644406,2340216,5871,7120479970750,15구역(존/블럭) 9ROW 동반입장 실질3열,FIXED,2025-07-27T17:00:00,2025-07-27T17:00:00,2025-07-27T17:00,3,콘서트,1916,데이식스 (DAY6),5871,데이식스 2025 - 서울,CONCERT_B,ROW,9,15,2층 (2F),지정석,동반입장 실질3열,1,NO,1000000.0,1000000.0,,,86,"87,90",,SALE,NO,YES,,,110000.0,NO,NO,YES,NO,NO,NO,"15:30분 현장 동반 입장합니다.
이 외 시간 불가. 시간 엄수 부탁드립니다.",,2025-07-22T16:54:51,106.101.69.248,,,,NO,NO
7643523,16050,5871,7266057331347,F1구역(존/블럭) 25열 돌출3열 계정이동,FIXED,2025-07-27T17:00:00,2025-07-27T17:00:00,2025-07-27T17:00,3,콘서트,1916,데이식스 (DAY6),5871,데이식스 2025 - 서울,CONCERT_B,ROW,25열 돌출3,F1,플로어석 (Floor),지정석,계정이동,1,NO,1000000.0,1000000.0,,,,26,,SALE,NO,YES,,,110000.0,NO,YES,NO,NO,NO,NO,"티켓 전달 : 계정이동 

본인 확인 후 티켓 수령할 수 있습니다 
구매자님 명의의 계정으로 티켓 이동해드립니다 
글로벌 계정으로만 이동 가능합니다 
외국인이나 여권 있는 내국인만 구매해주세요 
실패 시 거래 취소되어 전액 환불해드립니다 
",,2025-07-22T15:08:52,121.174.108.120,,,,NO,NO
7418457,2081896,5871,3165395192415,F2구역(존/블럭) 23ROW 20대여성명의,FIXED,2025-07-27T17:00:00,2025-07-27T17:00:00,2025-07-27T17:00,3,콘서트,1916,데이식스 (DAY6),5871,데이식스 2025 - 서울,CONCERT_B,ROW,23,F2,플로어석 (Floor),지정석,20대여성명의,1,NO,1000000.0,1000000.0,,,86,,,SALE,NO,YES,,,110000.0,NO,NO,NO,NO,NO,YES,"신분증 교환 및 pass 가능한 핸드폰도 드립니다
",,2025-06-20T20:16:16,122.43.204.220,,,,NO,NO
7637385,2582089,5871,2662353006250,F1구역(존/블럭) 21-22ROW 4열 이내 사진0,FIXED,2025-07-27T17:00:00,2025-07-27T17:00:00,2025-07-27T17:00,3,콘서트,1916,데이식스 (DAY6),5871,데이식스 2025 - 서울,CONCERT_B,ROW,21-22,F1,플로어석 (Floor),지정석,4열 이내 사진0,1,NO,1050000.0,1050000.0,,,,90,,SALE,NO,YES,,,110000.0,NO,NO,NO,YES,NO,NO,"신분증 교환
여성명의
현장거래나 배송 다 가능합니다 !",,2025-07-21T21:27:35,118.235.3.182,,,,NO,NO
7656125,160288,5871,2418662345084,F2구역(존/블럭) 17~21ROW 돌출1열동반입장,FIXED,2025-07-26T18:00:00,2025-07-26T18:00:00,2025-07-26T18:00,3,콘서트,1916,데이식스 (DAY6),5871,데이식스 2025 - 서울,CONCERT_B,ROW,17~21,F2,플로어석 (Floor),지정석,돌출1열동반입장,1,NO,1090000.0,1090000.0,,,,,,SALE,NO,YES,,,110000.0,NO,NO,NO,YES,NO,NO,"동반입장해드립니다
입장100%",,2025-07-24T00:34:24,211.234.192.82,,,,NO,NO
7673447,2929660,5871,6246774507275,F2구역(존/블럭) 12열 동반OKglobal,FIXED,2025-07-26T18:00:00,2025-07-26T18:00:00,2025-07-26T18:00,3,콘서트,1916,데이식스 (DAY6),5871,데이식스 2025 - 서울,CONCERT_B,ROW,12,F2,플로어석 (Floor),지정석,동반OKglobal,1,NO,1100000.0,1100000.0,,,,,,SALE,NO,YES,,,110000.0,NO,NO,NO,YES,NO,NO,"본인확인 없지만 동반도 가능합니다.
Global ok 100% ",,2025-07-25T17:34:24,175.193.84.104,,,,NO,NO
7672098,1916448,5871,7141913121267,F2구역(존/블럭) 4ROW 명당 사진O,FIXED,2025-07-27T17:00:00,2025-07-27T17:00:00,2025-07-27T17:00,3,콘서트,1916,데이식스 (DAY6),5871,데이식스 2025 - 서울,CONCERT_B,ROW,4,F2,플로어석 (Floor),지정석,명당 사진O,1,NO,1100000.0,1100000.0,,,,,,SALE,NO,YES,,,110000.0,NO,NO,NO,YES,NO,NO,"여성명의 티켓 
현장에서 티켓 전달해드립니다.
",,2025-07-25T15:35:34,14.37.99.41,,,10203207,NO,NO
7661323,1769563,5871,3787553887884,"F1구역(존/블럭) 24ROW 7-11번사이,사진",FIXED,2025-07-27T17:00:00,2025-07-27T17:00:00,2025-07-27T17:00,3,콘서트,1916,데이식스 (DAY6),5871,데이식스 2025 - 서울,CONCERT_B,ROW,24,F1,플로어석 (Floor),지정석,"7-11번사이,사진",1,NO,1100000.0,1100000.0,,,,,,SALE,NO,YES,,,110000.0,NO,NO,NO,YES,NO,NO,공연장에서티켓전달해드립니다!,,2025-07-24T15:37:11,218.236.53.252,,,,NO,NO
7594267,1816884,5871,3813465952035,F2구역(존/블럭) 24ROW 무대중앙 1~2동반,FIXED,2025-07-27T17:00:00,2025-07-27T17:00:00,2025-07-27T17:00,3,콘서트,1916,데이식스 (DAY6),5871,데이식스 2025 - 서울,CONCERT_B,ROW,24,F2,플로어석 (Floor),지정석,무대중앙 1~2동반,1,NO,1100000.0,1100000.0,,,,,,SALE,NO,YES,,,110000.0,NO,NO,NO,NO,NO,YES,"안전하게 
당일에 동반입장 
",,2025-07-16T12:35:20,211.36.157.11,,,,NO,NO
7547087,2585453,5871,8315228813604,F2구역(존/블럭) 돌출 2ROW n번 명당 사진ㅇ,FIXED,2025-07-27T17:00:00,2025-07-27T17:00:00,2025-07-27T17:00,3,콘서트,1916,데이식스 (DAY6),5871,데이식스 2025 - 서울,CONCERT_B,ROW,돌출 2,F2,플로어석 (Floor),지정석,n번 명당 사진ㅇ,1,NO,1150000.0,1150000.0,,,86,,,SALE,NO,YES,,,110000.0,NO,NO,YES,YES,NO,NO,"현장에서 거래 가능합니다.
20대 여성 명의입니다!
우산 원하시면 대신 받아서 드립니다",,2025-07-09T14:29:19,223.118.51.80,,,,NO,NO
7664483,2181660,5871,5298612638153,F2구역(존/블럭) 17-22열 무대쪽 복도 근처,FIXED,2025-07-27T17:00:00,2025-07-27T17:00:00,2025-07-27T17:00,3,콘서트,1916,데이식스 (DAY6),5871,데이식스 2025 - 서울,CONCERT_B,ROW,17-22,F2,플로어석 (Floor),지정석,무대쪽 복도 근처,1,NO,1190000.0,1190000.0,,,86,,,SALE,NO,YES,,,110000.0,NO,YES,NO,YES,NO,NO,"동반입장 가능합니다. Global OK

당일 현장에서 티켓 동반입장 확인 받은 후 티켓 건내드립니다.


",,2025-07-25T05:41:38,59.10.145.162,,,,NO,NO
7674220,1592644,5871,8685936862514,F2구역(존/블럭) 18열 무대쪽,FIXED,2025-07-27T17:00:00,2025-07-27T17:00:00,2025-07-27T17:00,3,콘서트,1916,데이식스 (DAY6),5871,데이식스 2025 - 서울,CONCERT_B,ROW,18,F2,플로어석 (Floor),지정석,무대쪽,1,NO,1200000.0,1200000.0,,,86,,,SALE,NO,YES,,,110000.0,NO,NO,NO,YES,NO,YES,"네모 옆부분 4열이내
티켓만 드립니다
구매 후 Q&A 보내주세요.",,2025-07-25T19:12:35,59.22.136.234,,,,NO,NO
7657669,16050,5871,4822262186656,F2구역(존/블럭) 돌출1-2ROW 무대중앙 사진O ,FIXED,2025-07-27T17:00:00,2025-07-27T17:00:00,2025-07-27T17:00,3,콘서트,1916,데이식스 (DAY6),5871,데이식스 2025 - 서울,CONCERT_B,ROW,돌출1-2,F2,플로어석 (Floor),지정석,무대중앙 사진O ,1,NO,1200000.0,1200000.0,,,,26,,SALE,NO,YES,,,110000.0,NO,YES,NO,NO,NO,NO,"티켓 전달 : 계정이동 

본인 확인 후 티켓 수령할 수 있습니다 
구매자님 명의의 계정으로 티켓 이동해드립니다 
글로벌 계정으로만 이동 가능합니다 
외국인이나 여권 있는 내국인만 구매해주세요 
실패 시 거래 취소되어 전액 환불해드립니다 ",,2025-07-24T11:06:52,121.174.108.120,,,,NO,NO
7601841,1833760,5871,7484878947664,F2구역(존/블럭) 2ROW 동반GlobalOK,FIXED,2025-07-26T18:00:00,2025-07-26T18:00:00,2025-07-26T18:00,3,콘서트,1916,데이식스 (DAY6),5871,데이식스 2025 - 서울,CONCERT_B,ROW,2,F2,플로어석 (Floor),지정석,동반GlobalOK,1,NO,1200000.0,1200000.0,,,,,,SALE,NO,YES,,,110000.0,NO,NO,NO,YES,NO,NO,"티켓값 포함된 가격입니다!

동반입장 티켓입니다! 동반입장 부스에서 확인 후 현장에서 티켓 제공해드립니다!",,2025-07-17T12:51:47,125.133.125.171,,,,NO,NO
7647197,2181660,5871,4344468818068,F2구역(존/블럭) 17-22ROW 무대쪽 복도 근처,FIXED,2025-07-27T17:00:00,2025-07-27T17:00:00,2025-07-27T17:00,3,콘서트,1916,데이식스 (DAY6),5871,데이식스 2025 - 서울,CONCERT_B,ROW,17-22,F2,플로어석 (Floor),지정석,무대쪽 복도 근처,1,NO,1290000.0,1290000.0,,,,,,SALE,NO,NO,2025-07-27T00:00:00,,110000.0,NO,YES,NO,YES,NO,NO,"동반입장 가능합니다. Global OK

당일 현장에서 티켓 동반입장 확인 받은 후 티켓 건내드립니다.

",,2025-07-23T02:33:39,106.101.8.112,,,,NO,NO
7633686,2031844,5871,9315430124841,"F1구역(존/블럭) 23ROW 돌출1열, 동반입장",FIXED,2025-07-27T17:00:00,2025-07-27T17:00:00,2025-07-27T17:00,3,콘서트,1916,데이식스 (DAY6),5871,데이식스 2025 - 서울,CONCERT_B,ROW,23,F1,플로어석 (Floor),지정석,"돌출1열, 동반입장",1,NO,1300000.0,1300000.0,,,86,,,SALE,NO,YES,,,110000.0,NO,NO,NO,YES,NO,NO,"동반표 있습니다.
무조건 입장 가능하게 도와드립니다.",,2025-07-21T01:46:48,118.235.80.201,,,,NO,NO
7452393,60222,5871,6299023283521,F1구역(존/블럭) 15ROW 무대쪽 5번이내,FIXED,2025-07-27T17:00:00,2025-07-27T17:00:00,2025-07-27T17:00,3,콘서트,1916,데이식스 (DAY6),5871,데이식스 2025 - 서울,CONCERT_B,ROW,15,F1,플로어석 (Floor),지정석,무대쪽 5번이내,1,NO,1300000.0,1300000.0,,,,,,SALE,NO,NO,2025-07-27T12:00:00,,110000.0,NO,NO,NO,YES,NO,NO,"현장에서 입장 도움 드립니다.
신분증 맞교환 가능 여성명의",,2025-06-25T12:43:40,119.201.135.28,,,,NO,NO
7590026,890597,5871,7150022805122,F1구역(존/블럭) 23열 돌출1ROW 동반입장 OK,FIXED,2025-07-27T17:00:00,2025-07-27T17:00:00,2025-07-27T17:00,3,콘서트,1916,데이식스 (DAY6),5871,데이식스 2025 - 서울,CONCERT_B,ROW,23열 돌출1,F1,플로어석 (Floor),지정석,동반입장 OK,1,NO,1399900.0,1399900.0,,,,,,SALE,NO,YES,,,110000.0,NO,NO,NO,NO,NO,YES,"DAY6 4TH FANMEETING〈PIER 10: All My Days〉

2025.07.27 17:00 막막콘

지정석 Floor층 F1구역 23열 돌출1열 1~7번 사이

동반 입장으로 판매합니다 / 동반입장 표 확보 완료

GLOBAL OK",,2025-07-15T18:50:50,211.248.241.119,,,10181319,NO,NO
7642025,2929660,5871,7363633952110,F1구역(존/블럭) 7ROW 동반OKglobal,FIXED,2025-07-26T18:00:00,2025-07-26T18:00:00,2025-07-26T18:00,3,콘서트,1916,데이식스 (DAY6),5871,데이식스 2025 - 서울,CONCERT_B,ROW,7,F1,플로어석 (Floor),지정석,동반OKglobal,1,NO,1400000.0,1400000.0,,,,,,SALE,NO,YES,,,110000.0,NO,NO,NO,YES,NO,NO,"동반입장입니다.
Global ok 100% ",,2025-07-22T12:59:43,175.193.84.104,,,,NO,NO
7622823,1865431,5871,1218986918701,F2구역(존/블럭) 12ROW 1n번,FIXED,2025-07-27T17:00:00,2025-07-27T17:00:00,2025-07-27T17:00,3,콘서트,1916,데이식스 (DAY6),5871,데이식스 2025 - 서울,CONCERT_B,ROW,12,F2,플로어석 (Floor),지정석,1n번,1,NO,1460000.0,1460000.0,,,,,,SALE,NO,YES,,,110000.0,NO,NO,YES,YES,NO,NO,당일 현장에서 신분증이랑 티켓드립니다.,,2025-07-19T16:20:48,223.38.75.32,,,,NO,NO
7674046,2194111,5871,1335814048563,F1구역(존/블럭) 23열 실질1ROW 돌출정면1열,FIXED,2025-07-27T17:00:00,2025-07-27T17:00:00,2025-07-27T17:00,3,콘서트,1916,데이식스 (DAY6),5871,데이식스 2025 - 서울,CONCERT_B,ROW,23열 실질1,F1,플로어석 (Floor),지정석,돌출정면1열,1,NO,1490000.0,1490000.0,,,,,,SALE,NO,YES,,,110000.0,NO,NO,NO,YES,NO,NO,"현장에서 티켓전달해드립니다.
2주차 본인확인 없어졌습니다!
티켓만 전달드립니다",,2025-07-25T18:47:34,106.101.67.144,,,,NO,NO
7590027,890597,5871,5773357126058,F2구역(존/블럭) 23열 돌출1ROW 동반입장 OK,FIXED,2025-07-27T17:00:00,2025-07-27T17:00:00,2025-07-27T17:00,3,콘서트,1916,데이식스 (DAY6),5871,데이식스 2025 - 서울,CONCERT_B,ROW,23열 돌출1,F2,플로어석 (Floor),지정석,동반입장 OK,1,NO,1499900.0,1499900.0,,,,,,SALE,NO,YES,,,110000.0,NO,NO,NO,NO,NO,YES,"DAY6 4TH FANMEETING〈PIER 10: All My Days〉

2025.07.27 17:00 막막콘

지정석 Floor층 F2구역 23열 돌출1열 1~7번 사이

동반 입장으로 판매합니다 / 동반입장 표 확보 완료

GLOBAL OK",,2025-07-15T18:51:03,211.248.241.119,,,10181327,NO,NO
7663574,1834965,5871,7574307963763,F1구역(존/블럭) 10~14열돌출1ROW 사진O중앙무대1번,FIXED,2025-07-26T18:00:00,2025-07-26T18:00:00,2025-07-26T18:00,3,콘서트,1916,데이식스 (DAY6),5871,데이식스 2025 - 서울,CONCERT_B,ROW,10~14열돌출1,F1,플로어석 (Floor),지정석,사진O중앙무대1번,1,NO,1500000.0,1500000.0,,,,,,SALE,NO,YES,,,110000.0,NO,NO,NO,NO,NO,YES,"입장시 검사 안합니다!! 
신분증대여 가능해요
입장안될시 바로 환불 해드립니다!",10200218.0,2025-07-24T23:03:57,211.112.161.150,,,,NO,NO
7646979,27476,5871,2343183660457,F2구역(존/블럭) 2ROW 동반입장,FIXED,2025-07-26T18:00:00,2025-07-26T18:00:00,2025-07-26T18:00,3,콘서트,1916,데이식스 (DAY6),5871,데이식스 2025 - 서울,CONCERT_B,ROW,2,F2,플로어석 (Floor),지정석,동반입장,1,NO,1500000.0,1500000.0,,,86,,,SALE,NO,YES,,,110000.0,NO,NO,NO,YES,NO,NO,"왼쪽 5칸이내 / 본확X 있을 경우 동반입장 가능
외국인 가능합니다
구매하시면 큐엔에이로 연락주세요",,2025-07-23T00:50:16,220.123.180.70,,,10203757,NO,NO
7645198,1777971,5871,4471504734366,F1구역(존/블럭) 25열 돌출 정면,FIXED,2025-07-27T17:00:00,2025-07-27T17:00:00,2025-07-27T17:00,3,콘서트,1916,데이식스 (DAY6),5871,데이식스 2025 - 서울,CONCERT_B,ROW,25,F1,플로어석 (Floor),지정석,돌출 정면,1,NO,1500000.0,1500000.0,,,86,,,SALE,NO,YES,,,110000.0,NO,NO,NO,YES,NO,NO,"신분증 대여해드립니다
!! Not for foreigners !!",,2025-07-22T18:52:42,211.217.167.49,,,,NO,NO
7637633,3099174,5871,6818584546101,F2구역(존/블럭) 17-21ROW 사진O 동반입장,FIXED,2025-07-26T18:00:00,2025-07-26T18:00:00,2025-07-26T18:00,3,콘서트,1916,데이식스 (DAY6),5871,데이식스 2025 - 서울,CONCERT_B,ROW,17-21,F2,플로어석 (Floor),지정석,사진O 동반입장,1,NO,1500000.0,1500000.0,,,,,,SALE,NO,YES,,,110000.0,NO,NO,NO,NO,NO,YES,"구매 후 Q&A 보내주세요
동반입장입니다",,2025-07-21T22:26:41,14.43.121.85,,,,NO,NO
7626822,2031844,5871,4073444081743,F2구역(존/블럭) 13ROW 무대근처 입장도움,FIXED,2025-07-27T17:00:00,2025-07-27T17:00:00,2025-07-27T17:00,3,콘서트,1916,데이식스 (DAY6),5871,데이식스 2025 - 서울,CONCERT_B,ROW,13,F2,플로어석 (Floor),지정석,무대근처 입장도움,1,NO,1500000.0,1500000.0,,,,,,SALE,NO,YES,,,110000.0,NO,NO,NO,YES,NO,NO,"입장에 문제 없도록 도와드려요
",,2025-07-20T10:08:17,118.235.82.251,,,,NO,NO
7674103,2236748,5871,3849002642563,F1구역(존/블럭) 1열 ,FIXED,2025-07-27T17:00:00,2025-07-27T17:00:00,2025-07-27T17:00,3,콘서트,1916,데이식스 (DAY6),5871,데이식스 2025 - 서울,CONCERT_B,ROW,1,F1,플로어석 (Floor),지정석,,1,NO,1800000.0,1800000.0,,,,87,,SALE,NO,YES,,,110000.0,NO,NO,NO,YES,NO,NO,현장에서 티켓거래가능합니다! ,,2025-07-25T18:55:08,121.163.72.74,,,,NO,NO
7672934,3119671,5871,5294556381805,F2구역(존/블럭) 돌출1열연석원형무대열 11-15열 사진,FIXED,2025-07-26T18:00:00,2025-07-26T18:00:00,2025-07-26T18:00,3,콘서트,1916,데이식스 (DAY6),5871,데이식스 2025 - 서울,CONCERT_B,ROW,돌출1열연석원형무대,F2,플로어석 (Floor),지정석,11-15열 사진,2,YES,1800000.0,3600000.0,,,86,,,SALE,NO,YES,,,110000.0,NO,NO,NO,YES,NO,NO,"11-15열 사이 
무대 바로옆자리, 무대바로 옆옆자리 
같은열 연석 
최고의 명당 

입장까지 가능
막첫콘 본인확인없었습니다",,2025-07-25T16:42:56,211.36.146.162,,,,NO,NO
7455796,2075704,5871,4314609103066,F1구역(존/블럭) 13ROW 여성명번호20이내,FIXED,2025-07-27T17:00:00,2025-07-27T17:00:00,2025-07-27T17:00,3,콘서트,1916,데이식스 (DAY6),5871,데이식스 2025 - 서울,CONCERT_B,ROW,13,F1,플로어석 (Floor),지정석,여성명번호20이내,1,NO,1800000.0,1800000.0,,,86,,,SALE,NO,YES,,,110000.0,NO,NO,NO,YES,NO,NO,"당일 또는 전날 공연장 앞에서 거래
신분증 대여 해드립니다
여성명의

돌출 좌석 10칸 이내
(좌석번호 9부터 시작 20 이내)
",,2025-06-25T20:18:37,106.101.196.205,,,,NO,NO
7672841,2075668,5871,3906124971252,F1구역(존/블럭) 3ROW 중앙쪽,FIXED,2025-07-27T17:00:00,2025-07-27T17:00:00,2025-07-27T17:00,3,콘서트,1916,데이식스 (DAY6),5871,데이식스 2025 - 서울,CONCERT_B,ROW,3,F1,플로어석 (Floor),지정석,중앙쪽,1,NO,2000000.0,2000000.0,,,86,,,SALE,NO,YES,,,110000.0,NO,NO,NO,NO,NO,YES,당일에 티켓전달해드립니다/ 가족명의표라 필요한 서류 및 신분증 제공 가능,10182569.0,2025-07-25T16:35:18,211.46.59.180,,,,NO,NO
7674481,1787932,5871,3913080166248,F1구역(존/블럭) 1ROW 극극오블 사진있음,FIXED,2025-07-26T18:00:00,2025-07-26T18:00:00,2025-07-26T18:00,3,콘서트,1916,데이식스 (DAY6),5871,데이식스 2025 - 서울,CONCERT_B,ROW,1,F1,플로어석 (Floor),지정석,극극오블 사진있음,1,NO,2450000.0,2450000.0,,,,,,SALE,NO,YES,,,110000.0,NO,NO,NO,YES,NO,NO,현장에서 티켓 드립니다,,2025-07-25T19:42:55,1.225.248.18,,,,NO,NO
7650869,1787932,5871,2790962600535,F1구역(존/블럭) 2ROW 오블 사진O,FIXED,2025-07-27T17:00:00,2025-07-27T17:00:00,2025-07-27T17:00,3,콘서트,1916,데이식스 (DAY6),5871,데이식스 2025 - 서울,CONCERT_B,ROW,2,F1,플로어석 (Floor),지정석,오블 사진O,1,NO,2600000.0,2600000.0,,,,,,SALE,NO,YES,,,110000.0,NO,NO,NO,NO,NO,YES,"오블 케존
20대 여성 명의 신분증 맞교환
",,2025-07-23T13:18:44,211.251.71.68,,,,NO,NO
7673527,1787991,5871,4557828523607,F1구역(존/블럭) 1열 극오블 명당 사진o,FIXED,2025-07-26T18:00:00,2025-07-26T18:00:00,2025-07-26T18:00,3,콘서트,1916,데이식스 (DAY6),5871,데이식스 2025 - 서울,CONCERT_B,ROW,1,F1,플로어석 (Floor),지정석,극오블 명당 사진o,1,NO,2700000.0,2700000.0,,,,26,,SALE,NO,YES,,,110000.0,NO,NO,YES,NO,NO,NO,현장 티켓 거래,,2025-07-25T17:44:12,59.26.84.26,,,,NO,NO
7672406,2463695,5871,6301126253361,F2구역(존/블럭) 6열 ,FIXED,2025-07-27T17:00:00,2025-07-27T17:00:00,2025-07-27T17:00,3,콘서트,1916,데이식스 (DAY6),5871,데이식스 2025 - 서울,CONCERT_B,ROW,6,F2,플로어석 (Floor),지정석,,1,NO,3500000.0,3500000.0,,,86,,,SALE,NO,YES,,,110000.0,NO,NO,NO,YES,NO,NO,실체에서 만나뵙겠습니다,,2025-07-25T15:57:25,211.235.66.127,,,,NO,NO
